Snow Cub,80,cub_skins/SnowCubBuddy.png
Ginger Cub,80,cub_skins/Gingerbread_cub5.png
Noob Cub,80,cub_skins/NoobCub.png
Bee Cub,80,cub_skins/BeeBearCub.png
Brown Cub,80,cub_skins/BrownCub.png
Robo Cub,80,cub_skins/RoboCub.png
Stick Cub,80,cub_skins/Stick_cub_thumbnail.png
Star Cub,80,cub_skins/Star_cub_thumbnail.png
